--restaurantsテーブル
INSERT IGNORE INTO restaurants (id, name, image_name, description, opening_time, closing_time, price_range_min, price_range_max, postal_code, address, phone_number, regular_holiday, category) VALUES (1, '和み亭', 'restaurant01.jpeg', '最寄り駅から徒歩10分。心地よい和の空間で、伝統的な和食をお楽しみいただけるお店。','11:30','21:00',2000,8000,'460-0001', '愛知県名古屋市中区栄1-1-1', '052-1234-5678','水曜日','和食');
INSERT IGNORE INTO restaurants (id, name, image_name, description, opening_time, closing_time, price_range_min, price_range_max, postal_code, address, phone_number, regular_holiday, category) VALUES (2, 'こころ和食', 'restaurant02.jpeg', 'アットホームな雰囲気で、こころから温まる和食を提供するお店。','12:00','22:00',1500,5000,'461-0002', '愛知県名古屋市西区西1-2-3', '052-9876-5432','月曜日','和食');
INSERT IGNORE INTO restaurants (id, name, image_name, description, opening_time, closing_time, price_range_min, price_range_max, postal_code, address, phone_number, regular_holiday, category) VALUES (3, 'さくら亭', 'restaurant03.jpeg', '四季折々の美しい桜をイメージした和風のお店。季節感あふれる料理を提供。','17:00','23:00',3000,10000,'462-0003', '愛知県名古屋市東区東2-2-2', '052-1111-2222','火曜日','和食');
INSERT IGNORE INTO restaurants (id, name, image_name, description, opening_time, closing_time, price_range_min, price_range_max, postal_code, address, phone_number, regular_holiday, category) VALUES (4, '韓国ハウス', 'restaurant04.jpeg', '本場韓国の雰囲気を感じられるアットホームな韓国料理屋。','11:00','22:00',1500,6000,'460-0005', '愛知県名古屋市中区新栄2-1-1', '052-5555-1234','木曜日','韓国料理');
INSERT IGNORE INTO restaurants (id, name, image_name, description, opening_time, closing_time, price_range_min, price_range_max, postal_code, address, phone_number, regular_holiday, category) VALUES (5, 'イタリアンモーツァレラ', 'restaurant05.jpg', '新鮮なモーツァレラを使用した本格的なイタリアン料理が楽しめるレストラン。','12:00','22:00',2500,8000,'461-0006', '愛知県名古屋市西区鳴海3-2-2', '052-9876-5678','火曜日','イタリアン');
INSERT IGNORE INTO restaurants (id, name, image_name, description, opening_time, closing_time, price_range_min, price_range_max, postal_code, address, phone_number, regular_holiday, category) VALUES (6, 'トスカーナの味道', 'restaurant06.jpg', 'トスカーナ地方の風味豊かな料理を提供するイタリアンレストラン。','11:30','21:30',3000,10000,'462-0007', '愛知県名古屋市東区東新町1-3-3', '052-1111-9876','月曜日','イタリアン');
INSERT IGNORE INTO restaurants (id, name, image_name, description, opening_time, closing_time, price_range_min, price_range_max, postal_code, address, phone_number, regular_holiday, category) VALUES (7, 'ピザ・パッソ', 'restaurant07.jpg', '伝統的なナポリピザからオリジナルピザまで、多彩なピザが楽しめるピザ屋。','17:00','23:00',1500,5000,'463-0008', '愛知県名古屋市中村区名駅4-4-4', '052-3333-8765','不定休','イタリアン');
INSERT IGNORE INTO restaurants (id, name, image_name, description, opening_time, closing_time, price_range_min, price_range_max, postal_code, address, phone_number, regular_holiday, category) VALUES (8, '焼肉楽園', 'restaurant08.jpeg', '上質な肉と和牛が楽しめる焼肉の楽園。','17:00','23:00',4000,12000,'472-0008', '愛知県名古屋市緑区緑1-1-1', '052-8888-7654','水曜日','焼肉');
INSERT IGNORE INTO restaurants (id, name, image_name, description, opening_time, closing_time, price_range_min, price_range_max, postal_code, address, phone_number, regular_holiday, category) VALUES (9, '炭火焼肉 本格屋', 'restaurant08.jpg', '炭火で焼くこだわりの焼肉専門店。','18:30','22:30',3500,10000,'473-0009', '愛知県名古屋市南区南1-2-3', '052-6666-5432','月曜日','焼肉');
INSERT IGNORE INTO restaurants (id, name, image_name, description, opening_time, closing_time, price_range_min, price_range_max, postal_code, address, phone_number, regular_holiday, category) VALUES (10, '焼肉五感', 'restaurant08.jpg', '五感で楽しむ上質な焼肉体験を提供する焼肉店。','18:00','00:00',3000,8000,'474-0010', '愛知県名古屋市西区西1-1-1', '052-4444-6789','水曜日','焼肉');
INSERT IGNORE INTO restaurants (id, name, image_name, description, opening_time, closing_time, price_range_min, price_range_max, postal_code, address, phone_number, regular_holiday, category) VALUES (11, '鮨旬彩', 'restaurant11.jpg', '旬のネタを使用したシンプルで美味しい寿司を提供する寿司屋。','11:30','21:30',2500,8000,'475-0011', '愛知県名古屋市中川区中川2-2-2', '052-5555-6789','木曜日','寿司');
INSERT IGNORE INTO restaurants (id, name, image_name, description, opening_time, closing_time, price_range_min, price_range_max, postal_code, address, phone_number, regular_holiday, category) VALUES (12, '寿司処 なごや', 'restaurant12.jpg', '新鮮な海の幸と職人技が堪能できる寿司店。','12:00','22:00',3000,10000,'476-0012', '愛知県名古屋市瑞穂区瑞穂2-2-2', '052-7777-8901','月曜日','寿司');
INSERT IGNORE INTO restaurants (id, name, image_name, description, opening_time, closing_time, price_range_min, price_range_max, postal_code, address, phone_number, regular_holiday, category) VALUES (13, '海鮮寿司 丸源', 'restaurant13.jpg', '新鮮なネタとリーズナブルな価格が魅力の寿司屋。','17:30','23:00',2000,6000,'477-0013', '愛知県名古屋市千種区千種2-2-2', '052-8888-9012','水曜日','寿司');
INSERT IGNORE INTO restaurants (id, name, image_name, description, opening_time, closing_time, price_range_min, price_range_max, postal_code, address, phone_number, regular_holiday, category) VALUES (14, '居酒屋はなこ', 'restaurant14.jpg', '季節の食材を使った料理と地酒が楽しめる和風居酒屋。','18:00','00:00',2000,6000,'478-0014', '愛知県名古屋市昭和区昭和3-3-3', '052-1111-2345','木曜日','居酒屋');
INSERT IGNORE INTO restaurants (id, name, image_name, description, opening_time, closing_time, price_range_min, price_range_max, postal_code, address, phone_number, regular_holiday, category) VALUES (15, '串焼き酒場やきとり亭', 'restaurant15.jpg', '串焼きと地酒が楽しめるアットホームな居酒屋。','17:30','23:30',2500,8000,'479-0015', '愛知県名古屋市北区北3-3-3', '052-2222-3456','月曜日','居酒屋');
INSERT IGNORE INTO restaurants (id, name, image_name, description, opening_time, closing_time, price_range_min, price_range_max, postal_code, address, phone_number, regular_holiday, category) VALUES (16, '和風居酒屋かんな', 'restaurant16.jpg', '和風な雰囲気で楽しむ、新鮮な食材を使った居酒屋。','18:30','22:30',3000,8000,'480-0016', '愛知県名古屋市東区東4-4-4', '052-3333-5678','水曜日','居酒屋');
INSERT IGNORE INTO restaurants (id, name, image_name, description, opening_time, closing_time, price_range_min, price_range_max, postal_code, address, phone_number, regular_holiday, category) VALUES (17, 'ひつまぶし家', 'restaurant17.jpg', '名古屋名物ひつまぶしを味わえる専門店。','11:00','21:00',3000,10000,'481-0017', '愛知県名古屋市北区北4-4-4', '052-4444-6789','木曜日','ひつまぶし');
INSERT IGNORE INTO restaurants (id, name, image_name, description, opening_time, closing_time, price_range_min, price_range_max, postal_code, address, phone_number, regular_holiday, category) VALUES (18, 'ひつまぶし亭', 'restaurant17.jpg', '丁寧に仕上げられたひつまぶしを提供する専門店。','12:00','22:00',3500,12000,'482-0018', '愛知県名古屋市西区西2-2-2', '052-6666-5432','月曜日','ひつまぶし');
INSERT IGNORE INTO restaurants (id, name, image_name, description, opening_time, closing_time, price_range_min, price_range_max, postal_code, address, phone_number, regular_holiday, category) VALUES (19, 'ひつまぶしの里', 'restaurant17.jpg', '地元の食材を使用した、風味豊かなひつまぶしを楽しめる店。','17:30','23:00',4000,15000,'483-0019', '愛知県名古屋市緑区緑3-3-3', '052-8888-9012','水曜日','ひつまぶし');
INSERT IGNORE INTO restaurants (id, name, image_name, description, opening_time, closing_time, price_range_min, price_range_max, postal_code, address, phone_number, regular_holiday, category) VALUES (20, 'ハンバーガー倶楽部', 'restaurant20.jpg', '手作りのジューシーなハンバーガーが楽しめる専門店。','11:30','21:30',1500,5000,'484-0020', '愛知県名古屋市中村区中村4-4-4', '052-7777-8901','木曜日','ハンバーガー');
INSERT IGNORE INTO restaurants (id, name, image_name, description, opening_time, closing_time, price_range_min, price_range_max, postal_code, address, phone_number, regular_holiday, category) VALUES (21, 'グルメバーガー工房', 'restaurant21.jpg', 'こだわりの食材を使用した、本格的な味わいのバーガーを提供。','12:00','22:00',2000,7000,'485-0021','愛知県名古屋市千種区千種4-4-4', '052-9999-0123','月曜日','ハンバーガー');
INSERT IGNORE INTO restaurants (id, name, image_name, description, opening_time, closing_time, price_range_min, price_range_max, postal_code, address, phone_number, regular_holiday, category) VALUES (22, 'ハンバーガータイム', 'restaurant22.jpg','手軽に楽しむことができる美味しいハンバーガーが揃うお店。','17:30','23:00',1000,3000,'486-0022','愛知県名古屋市千種区今池5-5-5','052-8888-9012','水曜日','ハンバーガー');
INSERT IGNORE INTO restaurants (id, name, image_name, description, opening_time, closing_time, price_range_min, price_range_max, postal_code, address, phone_number, regular_holiday, category) VALUES (23, '本格カレー家', 'restaurant23.jpg', '本場のスパイスを使用した、本格的なカレーが楽しめる専門店。','18:00','00:00',1000,4000,'487-0023', '愛知県名古屋市昭和区昭和5-5-5', '052-1111-2345','木曜日','カレー');
INSERT IGNORE INTO restaurants (id, name, image_name, description, opening_time, closing_time, price_range_min, price_range_max, postal_code, address, phone_number, regular_holiday, category) VALUES (24, 'カレーの香り', 'restaurant24.png', '香り豊かなスパイスとこだわりの具材で作る美味しいカレーが自慢のお店。','12:00','22:00',800,3000,'488-0024', '愛知県名古屋市瑞穂区瑞穂5-5-5', '052-6666-5432','月曜日','カレー');
INSERT IGNORE INTO restaurants (id, name, image_name, description, opening_time, closing_time, price_range_min, price_range_max, postal_code, address, phone_number, regular_holiday, category) VALUES (25, 'カフェ・ド・モカ', 'restaurant25.jpg', '上質なモカコーヒーとこだわりのスイーツが楽しめるアットホームなカフェ。','10:00','19:00',500,1500,'489-0025', '愛知県名古屋市中区中区1-1-1', '052-4444-6789','水曜日','喫茶店');
INSERT IGNORE INTO restaurants (id, name, image_name, description, opening_time, closing_time, price_range_min, price_range_max, postal_code, address, phone_number, regular_holiday, category) VALUES (26, '喫茶静寂', 'restaurant26.jpg', '静かな空間で本格的なコーヒーと共に、ゆったりとした時間を過ごせる喫茶店。','11:00','20:00',600,2000,'490-0026', '愛知県名古屋市西区西区2-2-2', '052-7777-8901','木曜日','喫茶店');
INSERT IGNORE INTO restaurants (id, name, image_name, description, opening_time, closing_time, price_range_min, price_range_max, postal_code, address, phone_number, regular_holiday, category) VALUES (27, '陽光カフェ', 'restaurant27.jpg', '自然光が差し込む開放的な空間で、美味しいコーヒーと軽食が楽しめるカフェ。','09:00','18:00',700,2500,'491-0027', '愛知県名古屋市東区東区3-3-3', '052-8888-9012','水曜日','喫茶店');
INSERT IGNORE INTO restaurants (id, name, image_name, description, opening_time, closing_time, price_range_min, price_range_max, postal_code, address, phone_number, regular_holiday, category) VALUES (28, '中華屋五福', 'restaurant28.jpg', '本場の中華料理をリーズナブルに楽しめるアットホームな中華屋。','11:30','21:30',2000,8000,'492-0028', '愛知県名古屋市緑区緑4-4-4', '052-5555-6789','木曜日','中華料理');
INSERT IGNORE INTO restaurants (id, name, image_name, description, opening_time, closing_time, price_range_min, price_range_max, postal_code, address, phone_number, regular_holiday, category) VALUES (29, '北京亭', 'restaurant29.jpg', '本格的な北京料理が楽しめる、落ち着いた雰囲気の中華料理店。','18:00','23:00',3000,12000,'493-0029', '愛知県名古屋市南区南4-4-4', '052-6666-5432','月曜日','中華料理');
INSERT IGNORE INTO restaurants (id, name, image_name, description, opening_time, closing_time, price_range_min, price_range_max, postal_code, address, phone_number, regular_holiday, category) VALUES (30, '香港飯店', 'restaurant30.jpg', '香港の雰囲気を味わえる、本格的な広東料理が楽しめる中華レストラン。','17:30','22:00',2500,10000,'494-0030', '愛知県名古屋市西区西4-4-4', '052-8888-9012','水曜日','中華料理');
-- rolesテーブル
INSERT IGNORE INTO roles (id, name) VALUES (1, 'ROLE_GENERAL');
INSERT IGNORE INTO roles (id, name) VALUES (2, 'ROLE_ADMIN');

-- usersテーブル
INSERT IGNORE INTO users (id, name, furigana, postal_code, address, phone_number, email, password, role_id, enabled) VALUES (1, '侍 太郎', 'サムライ タロウ', '101-0022', '東京都千代田区神田練塀町300番地', '090-1234-5678', 'taro.samurai@example.com', '$2a$10$2JNjTwZBwo7fprL2X4sv.OEKqxnVtsVQvuXDkI8xVGix.U3W5B7CO', 1, true);
INSERT IGNORE INTO users (id, name, furigana, postal_code, address, phone_number, email, password, role_id, enabled) VALUES (2, '侍 花子', 'サムライ ハナコ', '101-0022', '東京都千代田区神田練塀町300番地', '090-1234-5678', 'hanako.samurai@example.com', '$2a$10$2JNjTwZBwo7fprL2X4sv.OEKqxnVtsVQvuXDkI8xVGix.U3W5B7CO', 2, true);
INSERT IGNORE INTO users (id, name, furigana, postal_code, address, phone_number, email, password, role_id, enabled) VALUES (3, '侍 義勝', 'サムライ ヨシカツ', '638-0644', '奈良県五條市西吉野町湯川X-XX-XX', '090-1234-5678', 'yoshikatsu.samurai@example.com', 'password', 1, false);
INSERT IGNORE INTO users (id, name, furigana, postal_code, address, phone_number, email, password, role_id, enabled) VALUES (4, '侍 幸美', 'サムライ サチミ', '342-0006', '埼玉県吉川市南広島X-XX-XX', '090-1234-5678', 'sachimi.samurai@example.com', 'password', 1, false);
INSERT IGNORE INTO users (id, name, furigana, postal_code, address, phone_number, email, password, role_id, enabled) VALUES (5, '侍 雅', 'サムライ ミヤビ', '527-0209', '滋賀県東近江市佐目町X-XX-XX', '090-1234-5678', 'miyabi.samurai@example.com', 'password', 1, false);
INSERT IGNORE INTO users (id, name, furigana, postal_code, address, phone_number, email, password, role_id, enabled) VALUES (6, '侍 正保', 'サムライ マサヤス', '989-1203', '宮城県柴田郡大河原町旭町X-XX-XX', '090-1234-5678', 'masayasu.samurai@example.com', 'password', 1, false);
INSERT IGNORE INTO users (id, name, furigana, postal_code, address, phone_number, email, password, role_id, enabled) VALUES (7, '侍 真由美', 'サムライ マユミ', '951-8015', '新潟県新潟市松岡町X-XX-XX', '090-1234-5678', 'mayumi.samurai@example.com', 'password', 1, false);
INSERT IGNORE INTO users (id, name, furigana, postal_code, address, phone_number, email, password, role_id, enabled) VALUES (8, '侍 安民', 'サムライ ヤスタミ', '241-0033', '神奈川県横浜市旭区今川町X-XX-XX', '090-1234-5678', 'yasutami.samurai@example.com', 'password', 1, false);
INSERT IGNORE INTO users (id, name, furigana, postal_code, address, phone_number, email, password, role_id, enabled) VALUES (9, '侍 章緒', 'サムライ アキオ', '739-2103', '広島県東広島市高屋町宮領X-XX-XX', '090-1234-5678', 'akio.samurai@example.com', 'password', 1, false);
INSERT IGNORE INTO users (id, name, furigana, postal_code, address, phone_number, email, password, role_id, enabled) VALUES (10, '侍 祐子', 'サムライ ユウコ', '601-0761', '京都府南丹市美山町高野X-XX-XX', '090-1234-5678', 'yuko.samurai@example.com', 'password', 1, false);
INSERT IGNORE INTO users (id, name, furigana, postal_code, address, phone_number, email, password, role_id, enabled) VALUES (11, '侍 秋美', 'サムライ アキミ', '606-8235', '京都府京都市左京区田中西春菜町X-XX-XX', '090-1234-5678', 'akimi.samurai@example.com', 'password', 1, false);
INSERT IGNORE INTO users (id, name, furigana, postal_code, address, phone_number, email, password, role_id, enabled) VALUES (12, '侍 信平', 'サムライ シンペイ', '673-1324', '兵庫県加東市新定X-XX-XX', '090-1234-5678', 'shinpei.samurai@example.com', 'password', 1, false);

-- reservationsテーブル
INSERT IGNORE INTO reservations (id, restaurant_id, user_id, checkin_date, checkin_time, number_of_people) VALUES (1, 1, 1, '2023-04-01', '20:00', 2);
INSERT IGNORE INTO reservations (id, restaurant_id, user_id, checkin_date, checkin_time, number_of_people) VALUES (2, 2, 1, '2023-04-01', '18:00', 3);
INSERT IGNORE INTO reservations (id, restaurant_id, user_id, checkin_date, checkin_time, number_of_people) VALUES (3, 3, 1, '2023-04-01', '13:00', 4);
INSERT IGNORE INTO reservations (id, restaurant_id, user_id, checkin_date, checkin_time, number_of_people) VALUES (4, 4, 1, '2023-04-01', '19:00', 5);
INSERT IGNORE INTO reservations (id, restaurant_id, user_id, checkin_date, checkin_time, number_of_people) VALUES (5, 5, 1, '2023-04-01', '18:00', 6);
INSERT IGNORE INTO reservations (id, restaurant_id, user_id, checkin_date, checkin_time, number_of_people) VALUES (6, 6, 1, '2023-04-01', '17:00', 2);
INSERT IGNORE INTO reservations (id, restaurant_id, user_id, checkin_date, checkin_time, number_of_people) VALUES (7, 7, 1, '2023-04-01', '13:00', 3);
INSERT IGNORE INTO reservations (id, restaurant_id, user_id, checkin_date, checkin_time, number_of_people) VALUES (8, 8, 1, '2023-04-01', '18:00', 4);
INSERT IGNORE INTO reservations (id, restaurant_id, user_id, checkin_date, checkin_time, number_of_people) VALUES (9, 9, 1, '2023-04-01', '11:00', 5);
INSERT IGNORE INTO reservations (id, restaurant_id, user_id, checkin_date, checkin_time, number_of_people) VALUES (10, 10, 1, '2023-04-01', '18:00', 6);
INSERT IGNORE INTO reservations (id, restaurant_id, user_id, checkin_date, checkin_time, number_of_people) VALUES (11, 11, 1, '2023-04-01', '20:30', 2);

--reviewsテーブル--
INSERT IGNORE INTO reviews(id, restaurant_id, user_id, review_comment, review_star)VALUES(1,1,1,'お昼のランチセットがリーズナブルで、品数も豊富でした。特に唐揚げがサクサクで美味しかったです。',4);
INSERT IGNORE INTO reviews(id, restaurant_id, user_id, review_comment, review_star)VALUES(2, 2, 2, 'お昼のランチセットがリーズナブルで、品数も豊富でした。特に唐揚げがサクサクで美味しかったです。', 4);
INSERT IGNORE INTO reviews(id, restaurant_id, user_id, review_comment, review_star)VALUES(3, 3, 3, '今日は家族でお祝いに利用しましたが、お店の雰囲気も良く、料理も美味しかったです。また利用したいですね。', 5);
INSERT IGNORE INTO reviews(id, restaurant_id, user_id, review_comment, review_star)VALUES(4, 1, 4, 'サービスがとても良かったです。店員さんの対応が親切で、リラックスして食事ができました。', 4);
INSERT IGNORE INTO reviews(id, restaurant_id, user_id, review_comment, review_star)VALUES(5, 2, 5, 'お店の混雑もなく、ゆっくりと食事ができました。味も満足でした。', 3);
INSERT IGNORE INTO reviews(id, restaurant_id, user_id, review_comment, review_star)VALUES(6, 3, 6, '季節の食材を使った料理が楽しめました。特に秋の味覚を感じる一品が多く、大満足でした。', 5);
INSERT IGNORE INTO reviews(id, restaurant_id, user_id, review_comment, review_star)VALUES(7, 1, 7, '日本酒の種類が豊富で、おすすめの日本酒を教えていただきました。料理との相性も抜群でした。', 4);
INSERT IGNORE INTO reviews(id, restaurant_id, user_id, review_comment, review_star)VALUES(8, 2, 8, 'こちらのお店の天ぷらは揚げたて熱々で、サクサクの衣が美味しかったです。季節ごとに変わる天ぷらも楽しみです。', 5);
INSERT IGNORE INTO reviews(id, restaurant_id, user_id, review_comment, review_star)VALUES(9, 3, 9, 'デートにぴったりの雰囲気で、彼女も大満足してくれました。料理のクオリティも高く、最高の夜になりました。', 4);
INSERT IGNORE INTO reviews(id, restaurant_id, user_id, review_comment, review_star)VALUES(10, 1, 10, '和食の王道を味わいたい方におすすめのお店です。シンプルでありながら、素材の味が活かされた料理が魅力です。', 5);
INSERT IGNORE INTO reviews(id, restaurant_id, user_id, review_comment, review_star)VALUES(11, 4, 1, '辛い料理が好きな方におすすめです。キムチチゲは本場の味に近く、スパイシーさがたまりません！', 4);
INSERT IGNORE INTO reviews(id, restaurant_id, user_id, review_comment, review_star)VALUES(12, 4, 2, 'チーズタッカルビが絶品でした！辛さとチーズの相性が最高で、箸が止まりませんでした。', 5);
INSERT IGNORE INTO reviews(id, restaurant_id, user_id, review_comment, review_star)VALUES(13, 4, 3, 'お肉の種類が豊富で、新鮮な野菜と一緒に焼いて食べると、健康的で美味しい食事が楽しめます。', 4);
INSERT IGNORE INTO reviews(id, restaurant_id, user_id, review_comment, review_star)VALUES(14, 5, 4, 'パスタの種類が豊富で、どれも本場の味に近くて満足しました。特にカルボナーラが絶品です！', 5);
INSERT IGNORE INTO reviews(id, restaurant_id, user_id, review_comment, review_star)VALUES(15, 6, 5, 'ピザのクリスピーさが最高です！薄くてサクサクの生地に、トマトソースの酸味が絶妙でした。', 4);
INSERT IGNORE INTO reviews(id, restaurant_id, user_id, review_comment, review_star)VALUES(16, 7, 6, 'デザートのティラミスは絶品！甘さとビターさのバランスが絶妙で、幸せな気持ちになりました。', 5);
INSERT IGNORE INTO reviews(id, restaurant_id, user_id, review_comment, review_star)VALUES(17, 8, 7, 'こちらのお店の焼肉は絶品です。肉の質が良く、味付けも絶妙でした。特にカルビがおすすめです！', 5);
INSERT IGNORE INTO reviews(id, restaurant_id, user_id, review_comment, review_star)VALUES(18, 9, 8, 'ホルモンが美味しいお店です。新鮮なホルモンを炭火で焼いて食べると、ジューシーで美味しいです。', 4);
INSERT IGNORE INTO reviews(id, restaurant_id, user_id, review_comment, review_star)VALUES(19, 10, 9, '食べ放題プランが充実しています。リーズナブルな価格で、たくさんの種類の肉を楽しめます。', 4);
INSERT IGNORE INTO reviews(id, restaurant_id, user_id, review_comment, review_star)VALUES(20, 11, 10, '握りたての寿司が楽しめるお店です。新鮮なと丁寧な仕事が評価されました。', 5);
INSERT IGNORE INTO reviews(id, restaurant_id, user_id, review_comment, review_star)VALUES(21, 12, 11, 'ランチセットがリーズナブルで、ネタの種類も豊富でした。おすすめの寿司屋さんです！', 4);
INSERT IGNORE INTO reviews(id, restaurant_id, user_id, review_comment, review_star)VALUES(22, 13, 12, 'ここの寿司はどれも美味しいですが、特にトロが絶品でした。コスパも良く、満足度が高いです。', 5);
INSERT IGNORE INTO reviews(id, restaurant_id, user_id, review_comment, review_star)VALUES(23, 14, 13, '居酒屋ならではのアットホームな雰囲気で、友人と楽しいひと時を過ごせました。', 4);
INSERT IGNORE INTO reviews(id, restaurant_id, user_id, review_comment, review_star)VALUES(24, 15, 14, '串揚げが美味しい居酒屋さんです。ビールとの相性もばっちりで、リピーターになりました！', 5);
INSERT IGNORE INTO reviews(id, restaurant_id, user_id, review_comment, review_star)VALUES(25, 16, 15, 'お酒の種類が豊富で、料理も美味しかったです。スタッフの方々も親切でした。', 4);
INSERT IGNORE INTO reviews(id, restaurant_id, user_id, review_comment, review_star)VALUES(26, 17, 16, 'ひつまぶしのタレの味が絶品でした！お肉のジューシーさも最高でした。', 5);
INSERT IGNORE INTO reviews(id, restaurant_id, user_id, review_comment, review_star)VALUES(27, 18, 17, '名古屋めしを食べるならこちらがおすすめです。ひつまぶしも美味しかったです！', 4);
INSERT IGNORE INTO reviews(id, restaurant_id, user_id, review_comment, review_star)VALUES(28, 19, 18, '名古屋の味を満喫できるひつまぶしを食べられるお店です。リーズナブルな価格も魅力的です。', 4);
INSERT IGNORE INTO reviews(id, restaurant_id, user_id, review_comment, review_star)VALUES(29, 20, 19, 'ジューシーなパティとトーストされたバンズが絶妙なハンバーガーでした！', 5);
INSERT IGNORE INTO reviews(id, restaurant_id, user_id, review_comment, review_star)VALUES(30, 21, 20, 'ハンバーガーの種類が豊富で、どれも美味しかったです。サイドメニューも充実しています。', 4);
INSERT IGNORE INTO reviews(id, restaurant_id, user_id, review_comment, review_star)VALUES(31, 22, 21, 'ハンバーガーがボリュームたっぷりで、満足度が高かったです。リーズナブルな価格も魅力的です。', 4);
INSERT IGNORE INTO reviews(id, restaurant_id, user_id, review_comment, review_star)VALUES(32, 23, 22, '濃厚なルーとふわふわのナンが絶品でした！スパイスの香りが食欲をそそります。', 4);
INSERT IGNORE INTO reviews(id, restaurant_id, user_id, review_comment, review_star)VALUES(33, 24, 23, 'ここのカレーは本格的で美味しいです。辛さも調整できるので、好みに合わせて注文できます。', 5);
INSERT IGNORE INTO reviews(id, restaurant_id, user_id, review_comment, review_star)VALUES(34, 25, 24, '具材がたっぷりで、スパイスのバランスも良いカレーでした。リピーターになります！', 4);
INSERT IGNORE INTO reviews(id, restaurant_id, user_id, review_comment, review_star)VALUES(35, 26, 25, '落ち着いた雰囲気の喫茶店で、ゆったりとした時間を過ごせました。', 4);
INSERT IGNORE INTO reviews(id, restaurant_id, user_id, review_comment, review_star)VALUES(36, 27, 26, 'コーヒーの香りが良く、ケーキも美味しい喫茶店です。また訪れたいと思います。', 5);
INSERT IGNORE INTO reviews(id, restaurant_id, user_id, review_comment, review_star)VALUES(37, 28, 27, 'アフタヌーンティーセットが美味しかったです。おしゃれな空間でのティータイムは至福のひとときでした。', 4);
INSERT IGNORE INTO reviews(id, restaurant_id, user_id, review_comment, review_star)VALUES(38, 29, 28, '本格的な中華料理が味わえるお店です。料理のボリュームも満足できます。', 5);
INSERT IGNORE INTO reviews(id, restaurant_id, user_id, review_comment, review_star)VALUES(39, 30, 29, 'こちらのお店の麻婆豆腐は絶品です！辛さと旨味のバランスが絶妙でした。また食べに行きたいです。', 4);
INSERT IGNORE INTO reviews(id, restaurant_id, user_id, review_comment, review_star)VALUES(40, 31, 30, '広東料理が食べられるお店です。本場の味を楽しめるので、中華料理好きにはたまりません！', 5);